{
  "case_id": "Outputs for the satellite",
  "sample": {
    "index": [
      0,
      179,
      359,
      538,
      718
    ]
  },
  "outputs": {
    "dt_s": [
      0,
      53700,
      107700,
      161400,
      215400
    ],
    "lat_deg": [
      7.1358610011598169,
      54.24323153442376,
      -7.112142127208688,
      -54.29113357211157,
      7.1865066162545159
    ],
    "lon_deg": [
      -55.1057685991745,
      178.53125103292255,
      34.84848199738508,
      -91.94064579196368,
      124.87284315600603
    ]
  }
}